<pagescount>
	<total_html_pages>11</total_html_pages>
	<html>11</html>
	<img>15</img>
	<js>6</js>
	<css>2</css>
	<pdf>0</pdf>
	<xml>0</xml>
	<txt>0</txt>
	<fonts>3</fonts>
	<is_pretty_url>false</is_pretty_url>
	<is_ebn>false</is_ebn>
	<theme_name>WDO_theme</theme_name>
	<server_url_front_page>https://www.waybackmachinedownloader.com/website-downloader-online/scraping/files/live/bit7880.com_rotsenmondoy_yahoo.com_brk6mhbuybj</server_url_front_page>
	<hosted_domain>hosted_domain</hosted_domain>
</pagescount>